Compound_Name,smiles,N𝛿–,InChIKey
alln_10,COCc1cccc(N)c1,-0.79138,IRMGVBTVFRYBGN-UHFFFAOYSA-N
alln_105,COc1ccc(OC)c(N)c1,-0.79214,NAZDVUBIEPVUKE-UHFFFAOYSA-N
alln_115,COc1ccc(N)cc1OC,-0.79373,LGDHZCLREKIGKJ-UHFFFAOYSA-N
alln_146,NCc1ccccc1,-0.80836,WGQKYBSKWIADBV-UHFFFAOYSA-N
alln_16,Cc1ccc(N)cc1,-0.79374,RZXMPPFPUUCRFN-UHFFFAOYSA-N
alln_160,NCc1ccc(F)cc1,-0.80864,IIFVWLUQBAIPMJ-UHFFFAOYSA-N
alln_168,COc1ccc(CN)cc1,-0.81027,IDPURXSQCKYKIJ-UHFFFAOYSA-N
alln_17,Nc1ccccc1,-0.79202,PAYRUJLWNCNPSJ-UHFFFAOYSA-N
alln_198,NC1CCCC1,-0.82743,NISGSNTVMOOSJQ-UHFFFAOYSA-N
alln_210,NCc1ccccn1,-0.80975,WOXFMYVTSLAQMO-UHFFFAOYSA-N
alln_27,Nc1cccc(F)c1,-0.78796,QZVQQUVWFIZUBQ-UHFFFAOYSA-N
alln_32,CCOC(=O)c1csc(N)n1,-0.79737,XHFUVBWCMLLKOZ-UHFFFAOYSA-N
alln_36,Cc1csc(N)n1,-0.79816,OUQMXTJYCAJLGO-UHFFFAOYSA-N
alln_4,N#Cc1ccc(N)cc1,-0.77921,YBAZINRZQSAIAY-UHFFFAOYSA-N
alln_42,Nc1ccc(F)cc1,-0.79333,KRZCOLNOCZKSDF-UHFFFAOYSA-N
alln_2001,NC1CCCCC1,-0.82849,PAFZNILMFXTMIY-UHFFFAOYSA-N
alln_2002,NCC1=NC=CC=C1,-0.80975,WOXFMYVTSLAQMO-UHFFFAOYSA-N
alln_2003,NCC1CCCC1,-0.82135,UBLYEVLMRSPMOG-UHFFFAOYSA-N
alln_2004,NC1=CC=CC2=CC=CC=C21,-0.79368,RUFPHBVGCFYCNW-UHFFFAOYSA-N
alln_2005,NC1=CC=C(OC)C2=CC=CC=C21,-0.80131,JVMUPDOMGALPOW-UHFFFAOYSA-N
alln_2006,NC1=CC=C(C(F)(F)F)C=C1,-0.78447,ODGIMMLDVSWADK-UHFFFAOYSA-N
alln_2007,NCC1=CC=C(C(F)(F)F)C=C1,-0.80572,PRDBLLIPPDOICK-UHFFFAOYSA-N
alln_2008,NC1=CC=NC=C1,-0.78261,NUKYPUAOHBNCPY-UHFFFAOYSA-N
alln_1,CC1=N[C@H](NC(=O)C1)N,-0.81007,not_found
alln_100,COC(=O)c1cc2c(ncn2C)c(F)c1N,-0.79202,LDEVURKKVDBRLD-UHFFFAOYSA-N
alln_101,CC1(c2cccc(N)c2)OCCO1,-0.79159,ZXMQVZUQYHIOKO-UHFFFAOYSA-N
alln_102,CCOC(=O)c1cnc(N)nc1C,-0.76818,YBFVMJRSZCVJJP-UHFFFAOYSA-N
alln_103,Cc1c2ccc(N)cc2nn1C,-0.79398,PVNVSSNARYHLRF-UHFFFAOYSA-N
alln_104,Cc1cc(N)n(c2ccccc2)n1,-0.80986,FMKMKBLHMONXJM-UHFFFAOYSA-N
alln_106,Cc1cc(N)cc(F)c1,-0.78791,DPHBKGYVIHTBDG-UHFFFAOYSA-N
alln_107,CCc1cccc(CC)c1N,-0.80706,FOYHNROGBXVLLX-UHFFFAOYSA-N
alln_108,CC(C)Oc1ccc(N)cc1,-0.79397,MLNFMFAMNBGAQT-UHFFFAOYSA-N
alln_109,CSc1cccc(N)c1,-0.78957,KCHLDNLIJVSRPK-UHFFFAOYSA-N
alln_11,Cc1nc(N)cc(Cl)n1,-0.77319,SSAYHQQUDKQNAC-UHFFFAOYSA-N
alln_110,CCCCc1ccc(N)cc1,-0.79341,OGIQUQKNJJTLSZ-UHFFFAOYSA-N
alln_111,CC(C)c1ccc(N)cc1,-0.79352,LRTFPLFDLJYEKT-UHFFFAOYSA-N
alln_112,CC(C)(C)c1ccc(N)cc1,-0.79316,WRDWWAVNELMWAM-UHFFFAOYSA-N
alln_113,N#Cc1cnc(N)c(Cl)c1,-0.76845,XDDIMILABMXHFG-UHFFFAOYSA-N
alln_114,Cc1nccc(N)n1,-0.77964,GKVDLTTVBNOGNJ-UHFFFAOYSA-N
alln_116,CCOC(=O)c1ccc(C)c(N)c1,-0.79668,MCNBNDUVWQEKNZ-UHFFFAOYSA-N
alln_117,COC(=O)c1cc(N)cc(C(=O)OC)c1,-0.78741,DEKPYXUDJRABNK-UHFFFAOYSA-N
alln_118,Cn1c(=O)c2c(nc(N)n2Cc2ccccc2)n(C)c1=O,-0.79887,GJJSIFLFBCWVQS-UHFFFAOYSA-N
alln_119,CC(C)CCN,-0.82498,BMFVGAAISNGQNM-UHFFFAOYSA-N
alln_12,Nc1nc(Cl)ncc1F,-0.7696,SLQAJWTZUXJPNY-UHFFFAOYSA-N
alln_120,COCCN,-0.81938,ASUDFOJKTJLAIK-UHFFFAOYSA-N
alln_121,CCOC(=O)CN,-0.80803,NTNZTEQNFHNYBC-UHFFFAOYSA-N
alln_123,CNC(=S)N,-0.79937,KQJQICVXLJTWQD-UHFFFAOYSA-N
alln_124,NC1CC1,-0.81322,HTJDQJBWANPRPF-UHFFFAOYSA-N
alln_125,N[C@@H]1C=CS(=O)(=O)C1,-0.81779,YQYVLIKFODWGAV-SCSAIBSYSA-N
alln_126,CN(C)C(=S)N,-0.80528,ZQGWBPQBZHMUFG-UHFFFAOYSA-N
alln_128,COC(=O)CCN,-0.8257,UZCXPYDBYUEZCV-UHFFFAOYSA-N
alln_129,N[C@@H]1CCS(=O)(=O)C1,-0.81386,OVKIDXBGVUQFFC-SCSAIBSYSA-N
alln_13,Nc1cc2ccccc2c(=O)[nH]1,-0.79595,CVOZBLQWQILGIW-UHFFFAOYSA-N
alln_130,COC(=O)CN,-0.80781,KQSSATDQUYCRGS-UHFFFAOYSA-N
alln_132,CC(=CCN)C,-0.81256,PFCBHFDNVFQUJI-UHFFFAOYSA-N
alln_133,N[C@H]1CCS(=O)(=O)C1,-0.81386,OVKIDXBGVUQFFC-BYPYZUCNSA-N
alln_134,N[C@@H]1CCCOC1,-0.82999,WUUOEJJGRCQGBQ-RXMQYKEDSA-N
alln_135,CC(C)c1ccc(CN)cc1,-0.8089,YQSHYGCCYVPRDI-UHFFFAOYSA-N
alln_137,CCNC(=S)N,-0.79849,GMEHFXXZSWDEDB-UHFFFAOYSA-N
alln_138,NNC(=S)N,-0.79325,BRWIZMBXBAOCCF-UHFFFAOYSA-N
alln_139,NCc1cccc2ccccc12,-0.8121,NVSYANRBXPURRQ-UHFFFAOYSA-N
alln_14,COc1ccc(N)cc1,-0.79373,BHAAPTBBJKJZER-UHFFFAOYSA-N
alln_140,CC(=O)N,-0.82671,DLFVBJFMPXGRIB-UHFFFAOYSA-N
alln_141,NCc1ccco1,-0.80913,DDRPCXLAQZKBJP-UHFFFAOYSA-N
alln_142,NC[C@@H]1CCCO1,-0.81631,YNOGYQAEJGADFJ-YFKPBYRVSA-N
alln_143,NC[C@H]1CCCO1,-0.81951,YNOGYQAEJGADFJ-RXMQYKEDSA-N
alln_144,N[C@H]1C=CS(=O)(=O)C1,-0.8178,YQYVLIKFODWGAV-BYPYZUCNSA-N
alln_145,COCCNC(=S)N,-0.79576,XLJXJKHWLMYXBE-UHFFFAOYSA-N
alln_147,N[C@H]1CCCOC1,-0.82998,WUUOEJJGRCQGBQ-YFKPBYRVSA-N
alln_148,NC1COC1,-0.81906,OJEOJUQOECNDND-UHFFFAOYSA-N
alln_15,Nc1nc2c(s1)C(=O)CCC2,-0.78375,JAZOMJIYYHHUBH-UHFFFAOYSA-N
alln_150,NC(=S)N1CCOCC1,-0.80755,GSLBUBZXFUYMSW-UHFFFAOYSA-N
alln_151,NC1=NC(=O)CS1,-0.76948,HYMJHROUVPWYNQ-UHFFFAOYSA-N
alln_152,NCCn1cccn1,-0.81777,UIWDESVQLUNCRV-UHFFFAOYSA-N
alln_153,CC(C)(C)OC(=O)CN,-0.80789,SJMDMGHPMLKLHQ-UHFFFAOYSA-N
alln_154,CC(C)CN,-0.82309,KDSNLYIMUZNERS-UHFFFAOYSA-N
alln_155,C=CCN,-0.81153,VVJKKWFAADXIJK-UHFFFAOYSA-N
alln_156,N=C(N)NC(=S)N,-0.77778,OKGXJRGLYVRVNE-UHFFFAOYSA-N
alln_158,NC1=CC(=O)CCC1,-0.77696,ZZMRPOAHZITKBV-UHFFFAOYSA-N
alln_159,C=CCNC(=S)N,-0.79612,HTKFORQRBXIQHD-UHFFFAOYSA-N
alln_161,NCCc1ccccc1,-0.82806,BHHGXPLMPWCGHP-UHFFFAOYSA-N
alln_162,C#CCN,-0.7999,JKANAVGODYYCQF-UHFFFAOYSA-N
alln_163,NCc1cccs1,-0.80754,FKKJJPMGAWGYPN-UHFFFAOYSA-N
alln_164,NCc1ccncc1,-0.80454,TXQWFIVRZNOPCK-UHFFFAOYSA-N
alln_167,CC1(C)CC(=O)C=C(N)C1,-0.77694,MTZNODTZOSBYJW-UHFFFAOYSA-N
alln_169,C[C@@H]1CCC[C@H](N)C1,-0.82824,JYDYHSHPBDZRPU-RQJHMYQMSA-N
alln_170,CCCCN,-0.82511,HQABUPZFAYXKJW-UHFFFAOYSA-N
alln_171,NCc1ccc2c(c1)OCO2,-0.80992,ZILSBZLQGRBMOR-UHFFFAOYSA-N
alln_172,COc1ccccc1CN,-0.81414,PXJACNDVRNAFHD-UHFFFAOYSA-N
alln_173,CC(C)(C)N,-0.83179,YBRBMKDOPFTVDT-UHFFFAOYSA-N
alln_174,Cc1csc(CN)n1,-0.81582,OJEGLCVIHVSMMR-UHFFFAOYSA-N
alln_175,NC(=S)Nc1ccccc1,-0.79473,FULZLIGZKMKICU-UHFFFAOYSA-N
alln_176,CCC(N)CC,-0.82749,PQPFFKCJENSZKL-UHFFFAOYSA-N
alln_177,NCc1ccc(F)cc1F,-0.81685,QDZZDVQGBKTLHV-UHFFFAOYSA-N
alln_178,CCCN,-0.82537,WGYKZJWCGVVSQN-UHFFFAOYSA-N
alln_179,NCc1ccccc1F,-0.81167,LRFWYBZWRQWZIM-UHFFFAOYSA-N
alln_18,CNC(=O)Oc1ccc(N)cc1,-0.79019,JFANLKHJWWLSAT-UHFFFAOYSA-N
alln_180,NCCc1ccccn1,-0.81743,XPQIPUZPSLAZDV-UHFFFAOYSA-N
alln_181,CC1(N)CCCCC1,-0.82901,YDBHSDRXUCPTQQ-UHFFFAOYSA-N
alln_183,C[C@@H](N)c1ccc(F)cc1,-0.82026,QGCLEUGNYRXBMZ-ZCFIWIBFSA-N
alln_184,NC1=NCCCCC1,-0.80102,GTLJSJNKRLFVSJ-UHFFFAOYSA-N
alln_185,NC1=NCCCS1,-0.81082,PQXQEOIFIUJLIE-UHFFFAOYSA-N
alln_186,C[C@@H]1CCC[C@@H](N)C1,-0.82874,JYDYHSHPBDZRPU-RNFRBKRXSA-N
alln_187,N[C@H]1CCCc2cccnc12,-0.80945,JQGOUNFVDYUKMM-QMMMGPOBSA-N
alln_188,NCc1cccnc1,-0.80727,HDOUGSFASVGDCS-UHFFFAOYSA-N
alln_189,C[C@H](N)c1ccccc1,-0.82556,RQEUFEKYXDPUSK-ZETCQYMHSA-N
alln_19,COc1ccccc1N,-0.79425,VMPITZXILSNTON-UHFFFAOYSA-N
alln_190,C[C@H]1CCC[C@@H](N)C1,-0.82824,JYDYHSHPBDZRPU-NKWVEPMBSA-N
alln_191,Cc1ccc(CN)cc1,-0.80893,HMTSWYPNXFHGEP-UHFFFAOYSA-N
alln_192,Cc1ccc(CN)o1,-0.80978,YSEAGSCGERFGBL-UHFFFAOYSA-N
alln_193,NC1Cc2ccccc2C1,-0.82632,LMHHFZAXSANGGM-UHFFFAOYSA-N
alln_194,NCCc1cccnc1,-0.82741,NAHHNSMHYCLMON-UHFFFAOYSA-N
alln_195,C[C@@H](N)c1ccccc1,-0.82555,RQEUFEKYXDPUSK-SSDOTTSWSA-N
alln_196,NC(=S)c1ccccc1,-0.75642,QIOZLISABUUKJY-UHFFFAOYSA-N
alln_197,COc1cc(CN)cc(OC)c1,-0.8082,YGZJTYCCONJJGZ-UHFFFAOYSA-N
alln_199,NCc1ccc(Cl)s1,-0.807,QEEXZSPDLPRZEX-UHFFFAOYSA-N
alln_2,Nc1cccnc1,-0.78984,CUYKNJBYIJFRCU-UHFFFAOYSA-N
alln_20,Cc1cccc(C)c1N,-0.80514,UFFBMTHBGFGIHF-UHFFFAOYSA-N
alln_200,CCn1nccc1CN,-0.81602,VBRQKQJNZFDLDO-UHFFFAOYSA-N
alln_2008,NC1=CC=NC=C1,-0.78261,NUKYPUAOHBNCPY-UHFFFAOYSA-N
alln_201,COc1ccc(CN)cc1OC,-0.81049,DIVNUTGTTIRPQA-UHFFFAOYSA-N
alln_202,N[C@@H]1CCCc2cccnc12,-0.80945,JQGOUNFVDYUKMM-MRVPVSSYSA-N
alln_203,NC(=S)Nc1ccccn1,-0.78195,SLUHLANJIVXTRQ-UHFFFAOYSA-N
alln_204,COc1cccc(CN)c1,-0.80817,GRRIMVWABNHKBX-UHFFFAOYSA-N
alln_205,NC(=S)NCc1ccccc1,-0.79413,UCGFRIAOVLXVKL-UHFFFAOYSA-N
alln_206,NCCOc1ccccc1,-0.8185,IMLAIXAZMVDRGA-UHFFFAOYSA-N
alln_207,CSc1ccc(CN)cc1,-0.80701,SBMPBXFNKYJNIC-UHFFFAOYSA-N
alln_208,C[C@H]1CCC[C@H](N)C1,-0.82874,JYDYHSHPBDZRPU-BQBZGAKWSA-N
alln_209,C[C@H](N)c1ccc(F)cc1,-0.82026,QGCLEUGNYRXBMZ-LURJTMIESA-N
alln_21,COc1cccc(N)c1,-0.79052,NCBZRJODKRCREW-UHFFFAOYSA-N
alln_214,Cc1nc(CN)cs1,-0.80901,ZCKAEFOHSOQKHN-UHFFFAOYSA-N
alln_215,CC(C)(C)C(=O)CN,-0.80867,CRTRUQUJSMFWPD-UHFFFAOYSA-N
alln_216,N#CCCN,-0.81437,AGSPXMVUFBBBMO-UHFFFAOYSA-N
alln_218,NCC1CC1,-0.81787,IGSKHXTUVXSOMB-UHFFFAOYSA-N
alln_22,Cn1cnc2cc(N)ccc12,-0.79618,IWBGBYZGEQUDBT-UHFFFAOYSA-N
alln_220,NCc1cn[nH]n1,-0.80678,HKFJQCFGHPMXLQ-UHFFFAOYSA-N
alln_221,CCOCCCN,-0.82421,SOYBEXQHNURCGE-UHFFFAOYSA-N
alln_222,N[C@@H]1CCOC1,-0.82557,MIPHRQMEIYLZFZ-SCSAIBSYSA-N
alln_223,N[C@H]1CCOC1,-0.82556,MIPHRQMEIYLZFZ-BYPYZUCNSA-N
alln_224,CN(N)C(=S)N,-0.79268,IIGQLQZSWDUOBI-UHFFFAOYSA-N
alln_225,CC(=O)NC(=S)N,-0.76875,IPCRBOOJBPETMF-UHFFFAOYSA-N
alln_226,NCc1ncc[nH]1,-0.80371,CRZDNISJUXVSKX-UHFFFAOYSA-N
alln_227,CN(C)NC(=S)N,-0.79517,PVUJTISUCSKKBS-UHFFFAOYSA-N
alln_229,CCOC(=O)/C=C(\C)/N,-0.77428,not_found
alln_23,CNC(=O)Nc1ccc(N)cc1,-0.78996,PQRCDPOTCHWYAY-UHFFFAOYSA-N
alln_230,NCc1cc[nH]n1,-0.80823,IYSPNYLFKSTATA-UHFFFAOYSA-N
alln_231,N#CCN,-0.79516,DFNYGALUNNFWKJ-UHFFFAOYSA-N
alln_232,NC1CCC1,-0.81961,KZZKOVLJUKWSKX-UHFFFAOYSA-N
alln_233,N#C[C@@H](N)c1ccccc1,-0.7977,JTIHSSVKTWPPHI-MRVPVSSYSA-N
alln_234,CC(C)[C@](C)(N)C#N,-0.80603,CAOHBROWLMCZRP-ZCFIWIBFSA-N
alln_235,N#CC1(N)CCCCC1,-0.80139,HUMMCZRNZCKXHL-UHFFFAOYSA-N
alln_236,C=CCOc1ccc(CN)cc1,-0.81034,BQJOKMLXFZHRFX-UHFFFAOYSA-N
alln_237,NC1=CC(=O)c2ccccc2C1=O,-0.75752,CYCRZLRIJWDWCM-UHFFFAOYSA-N
alln_238,N#Cc1ccc(CN)cc1,-0.80428,LFIWXXXFJFOECP-UHFFFAOYSA-N
alln_239,CC(C)[C@@](C)(N)C#N,-0.80603,CAOHBROWLMCZRP-LURJTMIESA-N
alln_24,CC(=O)c1cnc(N)s1,-0.78499,XJKIEXPVXXFORX-UHFFFAOYSA-N
alln_240,N#C[C@H](N)c1ccccc1,-0.7977,JTIHSSVKTWPPHI-QMMMGPOBSA-N
alln_241,CC(C)NC(=S)N,-0.79835,POXAIQSXNOEQGM-UHFFFAOYSA-N
alln_242,CSC(=S)N,-0.77422,PLMHQXSIADFDIE-UHFFFAOYSA-N
alln_243,CC(=S)N,-0.76557,YUKQRDCYNOVPGJ-UHFFFAOYSA-N
alln_244,NC1CCOCC1,-0.82005,AHVQYHFYQWKUKB-UHFFFAOYSA-N
alln_245,Cn1cc(CN)cn1,-0.81031,KFTRXTSNTQSGNE-UHFFFAOYSA-N
alln_246,CC[C@H](N)C(=O)OC,-0.80981,ZZWPOYPWQTUZDY-BYPYZUCNSA-N
alln_248,Cn1nccc1CN,-0.81532,XNTFQMKXUFFUQO-UHFFFAOYSA-N
alln_249,CCOC(=S)N,-0.78365,PWZUZQNZVZKCBI-UHFFFAOYSA-N
alln_25,CCc1ccc(N)cc1,-0.79353,HRXZRAXKKNUKRF-UHFFFAOYSA-N
alln_251,CC[C@@H](N)C(=O)OC,-0.80982,ZZWPOYPWQTUZDY-SCSAIBSYSA-N
alln_252,Cn1ccc(CN)n1,-0.80834,SSXDUSOCSNXBPO-UHFFFAOYSA-N
alln_253,NCc1c[nH]cn1,-0.81122,MPCYZPCWSYUWMJ-UHFFFAOYSA-N
alln_255,CC(C)(C)CN,-0.82535,XDIAMRVROCPPBK-UHFFFAOYSA-N
alln_256,CC[C@H](C)N,-0.82925,BHRZNVHARXXAHW-BYPYZUCNSA-N
alln_257,CC[C@@H](C)N,-0.82925,BHRZNVHARXXAHW-SCSAIBSYSA-N
alln_258,CC(C)(C)CC(C)(C)N,-0.83048,QIJIUJYANDSEKG-UHFFFAOYSA-N
alln_259,CC(C)C(C)(C)N,-0.83766,YQNVPNRHJFZONU-UHFFFAOYSA-N
alln_26,Cc1ccc(N)cc1C,-0.7936,DOLQYFPDPKPQSS-UHFFFAOYSA-N
alln_260,CCCC(C)(C)N,-0.8301,KPNJYXKRHWAPHP-UHFFFAOYSA-N
alln_261,NCCC(=O)c1cccs1,-0.82253,BRSFKVCERZFMLX-UHFFFAOYSA-N
alln_262,CN(C(=S)N)C1CCCCC1,-0.80626,DRWVZPTVSGKMCK-UHFFFAOYSA-N
alln_263,NCc1cc(F)ccc1F,-0.81525,GDFBHCMFIUBEQT-UHFFFAOYSA-N
alln_264,CCCCCCN,-0.82116,BMVXCPBXGZKUPN-UHFFFAOYSA-N
alln_265,Cc1ccc(OCCN)cc1,-0.81871,WRJHHZOBJGDIHT-UHFFFAOYSA-N
alln_268,NCc1c[nH]c2ccccc12,-0.81267,JXYGLMATGAAIBU-UHFFFAOYSA-N
alln_269,NCCCc1ccccc1,-0.81775,LYUQWQRTDLVQGA-UHFFFAOYSA-N
alln_270,NC1CCCCCCC1,-0.82677,HSOHBWMXECKEKV-UHFFFAOYSA-N
alln_271,CC(C)CC[C@H](C)N,-0.82586,IZCBXLKODYZSDJ-ZETCQYMHSA-N
alln_273,C[C@H](N)C#N,-0.79847,UAMZETBJZRERCQ-VKHMYHEASA-N
alln_274,N#CC(=S)N,-0.72492,TYTIZKNBXNGILL-UHFFFAOYSA-N
alln_275,CC#CCN,-0.80271,YLBIBZCIFHPPKA-UHFFFAOYSA-N
alln_277,CC(C)(N)C#N,-0.80361,JQULXIOYDDCNGR-UHFFFAOYSA-N
alln_278,C[C@@H](N)C#N,-0.79847,UAMZETBJZRERCQ-GSVOUGTGSA-N
alln_279,NCCS,-0.81353,UFULAYFCSOUIOV-UHFFFAOYSA-N
alln_28,CC(=O)c1nc(N)sc1C,-0.79929,WKWHVCYMDPRLLR-UHFFFAOYSA-N
alln_280,CC(C)[C@@H](C)N,-0.82896,JOZZAIIGWFLONA-RXMQYKEDSA-N
alln_281,C[C@@H](N)C1CC1,-0.82033,IXCXVGWKYIDNOS-SCSAIBSYSA-N
alln_282,C[C@H](N)C1CC1,-0.8203,IXCXVGWKYIDNOS-BYPYZUCNSA-N
alln_283,NC(=S)S,-0.7751,DKVNPHBNOWQYFE-UHFFFAOYSA-N
alln_284,C[C@H]1C[C@H]1N,-0.81985,PYTANBUURZFYHD-IUYQGCFVSA-N
alln_285,N[C@H]1CCSC1,-0.82652,GBNRIMMKLMTDLW-BYPYZUCNSA-N
alln_286,N[C@@H]1CCSC1,-0.82652,GBNRIMMKLMTDLW-SCSAIBSYSA-N
alln_287,NCc1cscn1,-0.80846,YFEQTUUFQKDATK-UHFFFAOYSA-N
alln_288,C/C=C/CN,-0.81283,not_found
alln_289,N[C@H]1CCCCC1=O,-0.81059,KMLPEYHLAKSCGX-YFKPBYRVSA-N
alln_29,CCOC(=O)c1cccnc1N,-0.77295,KIAGEDYOPMHRRB-UHFFFAOYSA-N
alln_290,C[C@@H]1C[C@@H]1N,-0.81983,PYTANBUURZFYHD-DMTCNVIQSA-N
alln_291,C[C@@H](N)c1ccco1,-0.8105,JYXGCMLOKDKUAX-RXMQYKEDSA-N
alln_292,NC1=NCCS1,-0.8055,REGFWZVTTFGQOJ-UHFFFAOYSA-N
alln_293,C[C@H](N)c1ccco1,-0.8105,JYXGCMLOKDKUAX-YFKPBYRVSA-N
alln_294,C[C@H]1C[C@@H]1N,-0.81336,PYTANBUURZFYHD-IMJSIDKUSA-N
alln_295,NCC1CCC1,-0.81952,LQNHRNOPWKZUSN-UHFFFAOYSA-N
alln_296,CCSC(=S)N,-0.77288,PBRXDWOPIKZYOJ-UHFFFAOYSA-N
alln_297,N[C@@H]1CCCCC1=O,-0.81059,KMLPEYHLAKSCGX-RXMQYKEDSA-N
alln_298,CC(C)[C@H](C)N,-0.82896,JOZZAIIGWFLONA-YFKPBYRVSA-N
alln_299,NCc1ccsc1,-0.80951,DUDAKCCDHRNMDJ-UHFFFAOYSA-N
alln_3,C#CCOc1cccc(N)c1,-0.78919,VRRJGXBLWHBYTG-UHFFFAOYSA-N
alln_30,CC(=O)c1sc(N)nc1C,-0.78381,PKUKCASRNJIQNU-UHFFFAOYSA-N
alln_300,C[C@@H]1C[C@H]1N,-0.81336,PYTANBUURZFYHD-QWWZWVQMSA-N
alln_301,CCC[C@@H](C)CN,-0.82265,WNDXRJBYZOSNQO-ZCFIWIBFSA-N
alln_302,CCC[C@H](C)CN,-0.82313,WNDXRJBYZOSNQO-LURJTMIESA-N
alln_303,CC(C)[C@@H](N)C#N,-0.80116,ZMMPZEFSSVTIIW-YFKPBYRVSA-N
alln_304,C[C@@H](C#N)CN,-0.81819,GDIMNXJSMJSDSB-SCSAIBSYSA-N
alln_305,C[C@H](C#N)CN,-0.81819,GDIMNXJSMJSDSB-BYPYZUCNSA-N
alln_306,CC(C)[C@H](N)C#N,-0.80116,ZMMPZEFSSVTIIW-RXMQYKEDSA-N
alln_308,CC(=O)/C=C(/C)\N,-0.77022,not_found
alln_309,C=CCOC(=S)N,-0.78178,QAJGLUWFOPZGOC-UHFFFAOYSA-N
alln_31,Cc1cc(Cl)nc(N)n1,-0.77563,NPTGVVKPLWFPPX-UHFFFAOYSA-N
alln_310,C=C(C)CN,-0.81648,VXDHQYLFEYUMFY-UHFFFAOYSA-N
alln_311,CCCCCCCCN,-0.81897,IOQPZZOEVPZRBK-UHFFFAOYSA-N
alln_312,CC(=O)/C=C(\C)/N,-0.77549,not_found
alln_313,N#Cc1cccc(CN)c1,-0.80545,XFKPORAVEUOIRF-UHFFFAOYSA-N
alln_316,CCC(C)(C)N,-0.83042,GELMWIVBBPAMIO-UHFFFAOYSA-N
alln_317,C[C@@H](N)c1cccnc1,-0.81954,IQVQNBXPYJGNEA-ZCFIWIBFSA-N
alln_318,C[C@@H](N)c1ccncc1,-0.82573,HIZMJYQEHFJWQY-ZCFIWIBFSA-N
alln_319,C[C@H](N)c1cccnc1,-0.82351,IQVQNBXPYJGNEA-LURJTMIESA-N
alln_320,C[C@H](N)c1ccncc1,-0.82572,HIZMJYQEHFJWQY-LURJTMIESA-N
alln_321,C[C@@H](N)c1ccccn1,-0.81405,PDNHLCRMUIGNBV-ZCFIWIBFSA-N
alln_322,CCC[C@H](C)N,-0.82855,IGEIPFLJVCPEKU-YFKPBYRVSA-N
alln_323,C[C@H](N)c1ccccn1,-0.81544,PDNHLCRMUIGNBV-LURJTMIESA-N
alln_324,CCC[C@@H](C)N,-0.82854,IGEIPFLJVCPEKU-RXMQYKEDSA-N
alln_325,CC(C)OC(=O)[C@@H](C)N,-0.8108,QDQVXVRZVCTVHE-RXMQYKEDSA-N
alln_326,CC(C)OC(=O)[C@H](C)N,-0.81081,QDQVXVRZVCTVHE-YFKPBYRVSA-N
alln_327,COC1=NCN=C(OC)[C@H]1CN,-0.82578,not_found
alln_328,NCCc1c[nH]cn1,-0.81805,NTYJJOPFIAHURM-UHFFFAOYSA-N
alln_329,CC(C)COC(=O)[C@H](C)N,-0.8107,SZHJHAOHDNDHMA-LURJTMIESA-N
alln_33,COC(=O)c1ccccc1N,-0.78008,VAMXMNNIEUEQDV-UHFFFAOYSA-N
alln_331,C/C(=C/1\C(=O)COC1=O)/N,-0.72761,not_found
alln_334,N#C[C@@]1(N)CCOC1,-0.79997,DESOQXQPWQVATO-YFKPBYRVSA-N
alln_335,N#C[C@]1(N)CCOC1,-0.79997,DESOQXQPWQVATO-RXMQYKEDSA-N
alln_336,CCOC(=O)C[C@@H](C)N,-0.81922,HHIOOBJZIASBFF-RXMQYKEDSA-N
alln_337,NC(=S)c1ccccn1,-0.74003,HYKQYVSNFPWGKQ-UHFFFAOYSA-N
alln_338,NC(=S)N1CCCC1,-0.80452,DJQOGYTZMZEXJN-UHFFFAOYSA-N
alln_34,CCOC(=O)c1cnc(N)s1,-0.78726,VNZXERIGKZNEKB-UHFFFAOYSA-N
alln_340,NC(=S)NC[C@H]1CCCO1,-0.79595,DYYSJNQVLWANCC-RXMQYKEDSA-N
alln_343,Cc1n[nH]cc1CN,-0.8134,YPBTTWVBPFEPBE-UHFFFAOYSA-N
alln_345,COCCCNC(=S)N,-0.79602,FDWYDCXQLVOMPE-UHFFFAOYSA-N
alln_346,CCOC(=O)C[C@H](C)N,-0.82325,HHIOOBJZIASBFF-YFKPBYRVSA-N
alln_347,CCOC(CN)OCC,-0.81836,HJKLEAOXCZIMPI-UHFFFAOYSA-N
alln_348,COc1ccc(CCN)cc1,-0.82854,LTPVSOCPYWDIFU-UHFFFAOYSA-N
alln_349,NC(=S)NC[C@@H]1CCCO1,-0.79595,DYYSJNQVLWANCC-YFKPBYRVSA-N
alln_35,COc1cc(C)ccc1N,-0.79579,CJJLEUQMMMLOFI-UHFFFAOYSA-N
alln_350,N[C@@H]1NCCC1,-0.82044,IZBNHIWUATWXHK-SCSAIBSYSA-N
alln_351,CC(C)(C)NC(=S)N,-0.79941,RYOCWONLFFPYMN-UHFFFAOYSA-N
alln_352,CCCCNC(=S)N,-0.79863,GMEGXJPUFRVCPX-UHFFFAOYSA-N
alln_353,NC1=NCCSC1,-0.80595,KLCGUDSBFDKXCQ-UHFFFAOYSA-N
alln_354,CC(C)OCCCN,-0.82301,VHYUNSUGCNKWSO-UHFFFAOYSA-N
alln_355,COC(=O)[C@H](C)N,-0.81065,DWKPPFQULDPWHX-VKHMYHEASA-N
alln_356,COC(=O)[C@@H](C)N,-0.81065,DWKPPFQULDPWHX-GSVOUGTGSA-N
alln_359,NCCC(=O)OCc1ccccc1,-0.82537,CANCPUBPPUIWPX-UHFFFAOYSA-N
alln_360,COC[C@@H](C)N,-0.8148,NXMXETCTWNXSFG-SCSAIBSYSA-N
alln_361,COC[C@H](C)N,-0.8148,NXMXETCTWNXSFG-BYPYZUCNSA-N
alln_362,C[C@@H](N)C(=O)OC(C)(C)C,-0.81114,TZHVYFBSLOMRCU-RXMQYKEDSA-N
alln_363,COc1cccc([C@H](C)N)c1,-0.81993,CJWGCBRQAHCVHW-ZETCQYMHSA-N
alln_364,Cc1noc(C)c1CN,-0.82662,CXRIJWLNQSZJTG-UHFFFAOYSA-N
alln_365,C[C@@H]1OCC[C@H]1N,-0.82029,OBFFLNVYKSXULV-CRCLSJGQSA-N
alln_366,NCCc1nc2ccccc2[nH]1,-0.81639,GJEPMYMUORZPMP-UHFFFAOYSA-N
alln_367,NC(=S)NCc1ccco1,-0.79285,XSWHIPZJAMCLRZ-UHFFFAOYSA-N
alln_369,C[C@H]1OCC[C@H]1N,-0.82439,OBFFLNVYKSXULV-RFZPGFLSSA-N
alln_37,COCc1ccccc1N,-0.80036,ZHERWZMAGGWSIX-UHFFFAOYSA-N
alln_371,C[C@@H]1OCC[C@@H]1N,-0.82439,OBFFLNVYKSXULV-WHFBIAKZSA-N
alln_372,NC(=S)Nc1nccs1,-0.77859,LOCOYCNSPKQNRY-UHFFFAOYSA-N
alln_373,CC(C)(C)OC(=O)N1CC(N)C1,-0.81718,WPGLRFGDZJSQGI-UHFFFAOYSA-N
alln_374,COc1cccc([C@@H](C)N)c1,-0.81993,CJWGCBRQAHCVHW-SSDOTTSWSA-N
alln_375,NC(=S)N1CCCCC1,-0.80688,UERQMZVFUXRQOD-UHFFFAOYSA-N
alln_376,CCOC(=O)/C=C(/C)\N,-0.7782,not_found
alln_377,C[C@H]1OCC[C@@H]1N,-0.8203,OBFFLNVYKSXULV-UHNVWZDZSA-N
alln_378,COC(=O)c1ccc(CN)o1,-0.80705,HXZRHZUUJMJRJT-UHFFFAOYSA-N
alln_379,NCCC(=O)c1ccco1,-0.81922,PNZQRUGPAVHCNQ-UHFFFAOYSA-N
alln_38,N#Cc1ccccc1N,-0.77957,HLCPWBZNUKCSBN-UHFFFAOYSA-N
alln_380,NC1=NCCO1,-0.80898,YAXGBZDYGZBRBQ-UHFFFAOYSA-N
alln_381,C[C@H](N)C(=O)OC(C)(C)C,-0.81114,TZHVYFBSLOMRCU-YFKPBYRVSA-N
alln_382,NCCCn1ccnc1,-0.8164,KDHWOCLBMVSZPG-UHFFFAOYSA-N
alln_383,NCC(=O)c1ccccc1,-0.80692,HEQOJEGTZCTHCF-UHFFFAOYSA-N
alln_384,CCN(CC)C(=S)N,-0.80658,CNLHIRFQKMVKPX-UHFFFAOYSA-N
alln_385,NC(=S)NC1CCCC1,-0.798,VEJCUYXHMQFYGE-UHFFFAOYSA-N
alln_386,NC1=NS(=O)(=O)c2ccccc12,-0.7589,QNOQSOJREDRYBC-UHFFFAOYSA-N
alln_387,NC(=S)NC(=O)c1ccccc1,-0.76729,DQMWMUMCNOJLSI-UHFFFAOYSA-N
alln_388,CCOC(=O)C(N)C(=O)OCC,-0.8006,WLTCKEHCTUYJGI-UHFFFAOYSA-N
alln_389,NC(=S)NCCN1CCOCC1,-0.79548,MIVHEVIWHMEELG-UHFFFAOYSA-N
alln_39,Cc1nsc(N)c1C#N,-0.77282,PJQFZPWSFDVYIF-UHFFFAOYSA-N
alln_391,COC(=O)C(C)(C)N,-0.81486,HMZHEECHJWHZJX-UHFFFAOYSA-N
alln_392,CC(C)(C)OC(=O)NCCCN,-0.81763,POHWAQLZBIMPRN-UHFFFAOYSA-N
alln_393,NC(=S)NNc1ccccc1,-0.78829,JDXKTOBMLZLCSB-UHFFFAOYSA-N
alln_395,NCCC(=O)c1ccc(F)cc1,-0.82491,FFNBPSKJPIATFV-UHFFFAOYSA-N
alln_396,COc1ccc(C(=O)CCN)cc1,-0.81691,SWHVFXIPSSRRIK-UHFFFAOYSA-N
alln_397,NCCC(=O)c1ccc2c(c1)OCO2,-0.82307,ZFJPQSRAQZWRCT-UHFFFAOYSA-N
alln_398,COc1ccc(CNC(=S)N)cc1OC,-0.79453,OIZOYTUXTCEXRV-UHFFFAOYSA-N
alln_399,COc1ccc(C(=O)CCN)cc1OC,-0.81484,KDVNWXBMNJXXCY-UHFFFAOYSA-N
alln_40,Nc1ccccn1,-0.79066,ICSNLGPSRYBMBD-UHFFFAOYSA-N
alln_401,NCCn1ccnc1,-0.81769,YCIRHAGYEUJTFH-UHFFFAOYSA-N
alln_402,NC[C@H]1CCCOC1,-0.82044,ZTCHEOLGUZDPAN-ZCFIWIBFSA-N
alln_403,NCc1cncnc1,-0.80618,USRYWZFLGFQQEB-UHFFFAOYSA-N
alln_404,COc1ccc(CCN)cc1OC,-0.8247,ANOUKFYBOAKOIR-UHFFFAOYSA-N
alln_405,Cc1nc[nH]c1CN,-0.80979,XPOZILPQFAIBOC-UHFFFAOYSA-N
alln_406,NC[C@@H]1CCCOC1,-0.82044,ZTCHEOLGUZDPAN-LURJTMIESA-N
alln_407,CCN(CC)CCNC(=S)N,-0.79824,SEBCSPWHMFYMGA-UHFFFAOYSA-N
alln_408,CCOC(=O)CCCN,-0.81774,MAFQLJCYFMKEJJ-UHFFFAOYSA-N
alln_409,NCc1ccc(c2ccccc2)cc1,-0.80803,RMSPOVPGDBDYKH-UHFFFAOYSA-N
alln_41,Cc1cc(N)nn1C,-0.80428,YGRLFMMSIGPOOI-UHFFFAOYSA-N
alln_414,CC(C)(C)OC(=O)N1CCC(N)CC1,-0.82038,LZRDHSFPLUWYAX-UHFFFAOYSA-N
alln_417,NCC1CCOCC1,-0.82274,IPBPLHNLRKRLPJ-UHFFFAOYSA-N
alln_418,CC(C)(C)OC(=O)N1CC[C@H](N)C1,-0.81675,CMIBWIAICVBURI-ZETCQYMHSA-N
alln_419,Cc1cccc(CN)c1,-0.80852,RGXUCUWVGKLACF-UHFFFAOYSA-N
alln_420,COc1ccc(OC)c([C@@H](C)N)c1,-0.81916,ZWYIVRRLANGKDU-SSDOTTSWSA-N
alln_421,Cc1ccccc1CN,-0.81003,CJAAPVQEZPAQNI-UHFFFAOYSA-N
alln_422,CCOC(=O)N1CCC(N)CC1,-0.82336,GQQQULCEHJQUJT-UHFFFAOYSA-N
alln_423,NCCn1cnc2ccccc2c1=O,-0.82147,SCDNBWPDMOXOEZ-UHFFFAOYSA-N
alln_424,NCc1nnc2n1CCCCC2,-0.8034,IACZAGXWNRNOBU-UHFFFAOYSA-N
alln_425,NCc1cn2ccsc2n1,-0.81018,DHSVDAKPQOFXKO-UHFFFAOYSA-N
alln_426,NCc1cccc(F)c1,-0.80686,QVSVMNXRLWSNGS-UHFFFAOYSA-N
alln_427,COc1ccc(OC)c([C@H](C)N)c1,-0.81916,ZWYIVRRLANGKDU-ZETCQYMHSA-N
alln_428,CN1CCN(C(=S)N)CC1,-0.80165,QFACSDPLAUCZBD-UHFFFAOYSA-N
alln_429,Cc1nn(C)c(C)c1CN,-0.81341,DGVBHLRORWEBLP-UHFFFAOYSA-N
alln_43,CCOc1ccc(N)cc1,-0.79389,IMPPGHMHELILKG-UHFFFAOYSA-N
alln_430,CC(C)(C)OC(=O)N1CC[C@@H](N)C1,-0.81675,CMIBWIAICVBURI-SSDOTTSWSA-N
alln_431,NCc1ccnc(Cl)n1,-0.80423,YLWQRUVKEZYEED-UHFFFAOYSA-N
alln_432,COC(=O)c1ccc(CN)cc1,-0.80582,AQBJGAUQEJFPKZ-UHFFFAOYSA-N
alln_433,COCCCCN,-0.82444,YUUFAJOXLZUDJG-UHFFFAOYSA-N
alln_434,CC1(C)OB(c2ccccc2CN)OC1(C)C,-0.81786,QHGKJHOITXTFBC-UHFFFAOYSA-N
alln_438,CC(C)(C)OC(=O)N1CCC(N)(C#N)CC1,-0.7998,ZDAOYEIIJSEFSW-UHFFFAOYSA-N
alln_439,CC1(C)OB(c2cccc(CN)c2)OC1(C)C,-0.80897,XCHQBFQWVQIKJA-UHFFFAOYSA-N
alln_44,COc1ccc(N)c(C)c1,-0.80032,CDGNLUSBENXDGG-UHFFFAOYSA-N
alln_440,CC1(C)OB(c2ccc(CN)cc2)OC1(C)C,-0.8076,FPUVAGQUKWMDKN-UHFFFAOYSA-N
alln_442,COC(=O)c1ccc(CCCN)o1,-0.82335,AZTZIGIZTSQZSR-UHFFFAOYSA-N
alln_443,Cn1c(CN)nc2ccccc12,-0.80218,GFQZSGGPNZDNBC-UHFFFAOYSA-N
alln_444,C[S@](=O)C[C@H](N)c1ccccc1,-0.82512,XYQCUGXQYRHLAX-CABZTGNLSA-N
alln_446,NCc1cccc2[nH]ccc12,-0.8112,FFBWKPKOXRMLNP-UHFFFAOYSA-N
alln_447,Cc1ccc(CNC(=S)N)cc1,-0.79474,UNZSYIMZOJHWNX-UHFFFAOYSA-N
alln_448,CC(=O)Oc1ccccc1C(=S)N,-0.74671,UAYBTRVMCQQGQK-UHFFFAOYSA-N
alln_449,C[S@](=O)C[C@@H](N)c1ccccc1,-0.82816,XYQCUGXQYRHLAX-SKDRFNHKSA-N
alln_450,C[S@@](=O)C[C@H](N)c1ccccc1,-0.82815,XYQCUGXQYRHLAX-JOYOIKCWSA-N
alln_451,CCOC(=O)[C@H](N)c1ccccc1,-0.8146,VWKGPFHYXWGWEI-SECBINFHSA-N
alln_452,N[C@H]1CCOc2ccccc12,-0.81795,LCOFMNJNNXWKOC-QMMMGPOBSA-N
alln_453,C[S@@](=O)C[C@@H](N)c1ccccc1,-0.82512,XYQCUGXQYRHLAX-BXKDBHETSA-N
alln_454,COc1cccc(CN)c1OC,-0.81433,LVMPWFJVYMXSNY-UHFFFAOYSA-N
alln_455,N[C@@H]1CCOc2ccccc12,-0.81795,LCOFMNJNNXWKOC-MRVPVSSYSA-N
alln_456,NCc1cc(=O)[nH]c2ccccc12,-0.81367,RDXKAGOGKMCTBH-UHFFFAOYSA-N
alln_457,NCc1cn2ccccc2n1,-0.80989,GBRIYMLJYQLICB-UHFFFAOYSA-N
alln_458,CCOC(=O)[C@@H](N)c1ccccc1,-0.8146,VWKGPFHYXWGWEI-VIFPVBQESA-N
alln_459,NC(=S)NCCc1ccccc1,-0.79472,OFVGPHQYOCKLLM-UHFFFAOYSA-N
alln_46,CCOC(=O)c1cccc(N)c1,-0.78978,ZMCBYSBVJIMENC-UHFFFAOYSA-N
alln_460,N[C@H]1CCc2ccccc12,-0.8176,XJEVHMGJSYVQBQ-VIFPVBQESA-N
alln_462,Cc1ccc(CN)s1,-0.80849,XCBYYXLOEBELSB-UHFFFAOYSA-N
alln_463,NC(=S)N1CCc2ccccc2C1,-0.80443,JZQZVILRSLXZCO-UHFFFAOYSA-N
alln_464,CC(C)(C)OC(=O)N1CCC[C@@H](N)C1,-0.82054,AKQXKEBCONUWCL-MRVPVSSYSA-N
alln_465,CC(C)(C)OC(=O)N1CCC[C@H](N)C1,-0.82069,AKQXKEBCONUWCL-QMMMGPOBSA-N
alln_47,CC(=O)c1cccc(N)c1,-0.78916,CKQHAYFOPRIUOM-UHFFFAOYSA-N
alln_473,Cc1cc(C)nc(NC(=S)N)c1,-0.78469,ZXQTZSMIBLLDGW-UHFFFAOYSA-N
alln_474,CCOC(=O)N,-0.83588,JOYRKODLDBILNP-UHFFFAOYSA-N
alln_475,NC(=S)Nc1ccc(F)cc1,-0.79379,BRWKXKNZRVALNZ-UHFFFAOYSA-N
alln_477,N[C@@]12C[C@@H]3C[C@@H](C[C@@H](C3)C1)C2,-0.82851,DKNWSYNQZKUICI-UHFFFAOYSA-N
alln_478,NC(=S)Nc1ccccc1F,-0.78582,WYVZQQOFMQRNPF-UHFFFAOYSA-N
alln_479,COc1ccc(NC(=S)N)cc1,-0.79609,SRYLJBWDZZMDSK-UHFFFAOYSA-N
alln_48,CCOC(=O)c1ccc(N)cc1,-0.7828,BLFLLBZGZJTVJG-UHFFFAOYSA-N
alln_480,C[C@H](NC(=S)N)c1ccccc1,-0.7944,XTFIWYQHNZIYCQ-ZETCQYMHSA-N
alln_481,CC[C@@H](C)NC(=S)N,-0.79841,WFDOLCYFWRFQEG-SCSAIBSYSA-N
alln_482,CC[C@H](C)NC(=S)N,-0.79837,WFDOLCYFWRFQEG-BYPYZUCNSA-N
alln_483,CCOC(=O)C1=C(N)CCCC1,-0.77647,JBZVWABPSHNPIK-UHFFFAOYSA-N
alln_484,COc1ccccc1NC(=S)N,-0.79238,HXCHZMHFZXNFIX-UHFFFAOYSA-N
alln_485,NC/C=C/c1ccccc1,-0.81123,not_found
alln_486,Cc1ccc(CN)c(C)c1,-0.81081,GBSUVYGVEQDZPG-UHFFFAOYSA-N
alln_487,NC(=S)NCc1ccncc1,-0.79187,UEVXNMMNVVJTRI-UHFFFAOYSA-N
alln_488,C[C@@H](NC(=S)N)c1ccccc1,-0.7944,XTFIWYQHNZIYCQ-SSDOTTSWSA-N
alln_49,Cc1cc(C)nc(N)n1,-0.78424,IDQNBVFPZMCDDN-UHFFFAOYSA-N
alln_490,CCc1ccc(C(=O)CCN)cc1,-0.81448,SZAVIWYFEBRQME-UHFFFAOYSA-N
alln_491,NC(=O)NC(=S)Nc1ccccc1,-0.81716,JCUXEEBSEWQOTC-UHFFFAOYSA-N
alln_492,CCOC(=O)/C=C(/N)\c1ccccc1,-0.7736,not_found
alln_493,C=CCOc1ccccc1CN,-0.81387,UUXQXOZZWXRSTG-UHFFFAOYSA-N
alln_499,COCCOCCCN,-0.8167,PWGVOCGNHYMDLS-UHFFFAOYSA-N
alln_5,N#Cc1ccnc(N)c1,-0.78171,GEEAYLFEIFJFGP-UHFFFAOYSA-N
alln_50,CC(=O)c1ccc(N)cc1,-0.78178,GPRYKVSEZCQIHD-UHFFFAOYSA-N
alln_500,CC(C)(C)OC(=O)N1CCC(CN)CC1,-0.82664,KLKBCNDBOVRQIJ-UHFFFAOYSA-N
alln_503,CC1(C)OB(c2ccc(F)c(CN)c2)OC1(C)C,-0.81213,AQSXWOGFKPFJDI-UHFFFAOYSA-N
alln_504,CC1(C)OB(c2cccc(F)c2CN)OC1(C)C,-0.69582,LOGJENNGBFWJLU-UHFFFAOYSA-N
alln_506,COc1cc(CN)cc(OC)c1OC,-0.80868,YUPUSBMJCFBHAP-UHFFFAOYSA-N
alln_507,NC(=S)NC(=O)c1cccs1,-0.76728,JVYGXRPHTDEIQO-UHFFFAOYSA-N
alln_508,NC1CCN(C(=O)OCc2ccccc2)CC1,-0.82018,YYIQGSYCCNQAGV-UHFFFAOYSA-N
alln_51,Cc1cccc(N)n1,-0.7909,QUXLCYFNVNNRBE-UHFFFAOYSA-N
alln_52,Cc1cc(N)ncn1,-0.77925,LAERIBHKDNBVOO-UHFFFAOYSA-N
alln_528,Nc1nc2ccccc2[nH]1,-0.80569,JWYUFVNJZUSCSM-UHFFFAOYSA-N
alln_529,Nc1nc2ccccc2o1,-0.80112,JPBLHOJFMBOCAF-UHFFFAOYSA-N
alln_53,Cc1ccnc(N)c1,-0.79097,ORLGLBZRQYOWNA-UHFFFAOYSA-N
alln_530,Nc1nnc[nH]1,-0.81396,KLSJWNVTNUYHDU-UHFFFAOYSA-N
alln_531,Nc1nccc(Cl)n1,-0.77417,DBGFGNCFYUNXLD-UHFFFAOYSA-N
alln_532,Nc1n[nH]nc1c1ccccc1,-0.80802,VFRADINKOCDNSG-UHFFFAOYSA-N
alln_533,Cc1ncccc1N,-0.79573,ZSFPJJJRNUZCEV-UHFFFAOYSA-N
alln_534,Nc1nccs1,-0.79845,RAIPHJJURHTUIC-UHFFFAOYSA-N
alln_535,Nc1nnns1,-0.77703,NFSGFYBDMKUQJA-UHFFFAOYSA-N
alln_536,Nc1cn[nH]c1,-0.79796,AXINVSXSGNSVLV-UHFFFAOYSA-N
alln_537,Nc1ncc[nH]1,-0.81854,DEPDDPLQZYCHOH-UHFFFAOYSA-N
alln_538,Nc1cnccn1,-0.78681,XFTQRUTUGRCSGO-UHFFFAOYSA-N
alln_539,Nc1nncs1,-0.79533,QUKGLNCXGVWCJX-UHFFFAOYSA-N
alln_54,Cc1cccnc1N,-0.79804,RGDQRXPEZUNWHX-UHFFFAOYSA-N
alln_540,Nc1ncccn1,-0.78194,LJXQPZWIHJMPQQ-UHFFFAOYSA-N
alln_541,Nc1ccncn1,-0.77832,OYRRZWATULMEPF-UHFFFAOYSA-N
alln_542,Cc1nc(N)sc1C,-0.79967,XMXLBDNVSIHRRA-UHFFFAOYSA-N
alln_543,Nc1ccc(Cl)nc1,-0.78766,QAJYCQZQLVENRZ-UHFFFAOYSA-N
alln_544,Nc1ccc2ccccc2n1,-0.78713,GCMNJUJAKQGROZ-UHFFFAOYSA-N
alln_545,Nc1nccn1c1ccccc1,-0.81887,ACOLGRUIHSRLDA-UHFFFAOYSA-N
alln_546,Nc1cnc2ccccc2c1,-0.78843,SVNCRRZKBNSMIV-UHFFFAOYSA-N
alln_547,Nc1nccc2ccccc12,-0.78967,OSILBMSORKFRTB-UHFFFAOYSA-N
alln_548,Cc1cc(N)nc(Cl)n1,-0.77168,FBEIDYLEFVIOEY-UHFFFAOYSA-N
alln_549,Nc1cccc2ccccc12,-0.79368,RUFPHBVGCFYCNW-UHFFFAOYSA-N
alln_55,Cc1ccccc1N,-0.79858,RNVCVTLRINQCPJ-UHFFFAOYSA-N
alln_550,Nc1ccncc1,-0.78262,NUKYPUAOHBNCPY-UHFFFAOYSA-N
alln_551,Nc1cnns1,-0.78221,PVGHNTXQMCYYGF-UHFFFAOYSA-N
alln_552,Nc1nccc(=O)[nH]1,-0.78807,XQCZBXHVTFVIFE-UHFFFAOYSA-N
alln_553,N[C@H]1N=C(F)Nc2[nH]cnc12,-0.80531,not_found
alln_554,N[C@H]1N=CNc2[nH]cnc12,-0.80677,ISUXPGBNVYOGFM-BYPYZUCNSA-N
alln_555,Nc1ccco1,-0.80812,UTVVREMVDJTZAC-UHFFFAOYSA-N
alln_556,Nc1cc(C2CC2)[nH]n1,-0.80425,MXVAGCQKBDMKPG-UHFFFAOYSA-N
alln_557,CO[C@@]12[C@@H](N)[C@]1(O)C2=O,-0.81895,not_found
alln_558,N#Cc1cccc(N)n1,-0.78189,KSQSBNSABUZDMI-UHFFFAOYSA-N
alln_559,Nc1ccc2c(c1)OCO2,-0.7939,XGNXYCFREOZBOL-UHFFFAOYSA-N
alln_56,NNc1ccc(N)cc1,-0.79738,TXPBPZVDLVXJKZ-UHFFFAOYSA-N
alln_561,Nc1n[nH]c(=S)[nH]1,-0.80178,WZUUZPAYWFIBDF-UHFFFAOYSA-N
alln_562,Nc1nc(Cl)ncc1Cl,-0.76527,HISNGTFIGFWFCQ-UHFFFAOYSA-N
alln_563,Nc1n[nH]c(=S)s1,-0.79483,GDGIVSREGUOIJZ-UHFFFAOYSA-N
alln_564,Cc1c(N)c(=O)n(c2ccccc2)n1C,-0.80013,RLFWWDJHLFCNIJ-UHFFFAOYSA-N
alln_565,Nc1nccc(c2cccnc2)n1,-0.77912,LQHQKYWYKPLKCH-UHFFFAOYSA-N
alln_566,Nc1ccc(Oc2ccccc2)cc1,-0.79196,WOYZXEVUWXQVNV-UHFFFAOYSA-N
alln_567,CCc1c(C)nc(N)[nH]c1=O,-0.7919,MMROOMZDXHEPGW-UHFFFAOYSA-N
alln_569,Nc1ccc2cn[nH]c2c1,-0.78973,KEJFADGISRFLFO-UHFFFAOYSA-N
alln_57,Nc1ccccc1F,-0.79073,FTZQXOJYPFINKJ-UHFFFAOYSA-N
alln_572,Nc1nnc(c2cccnc2)s1,-0.79287,MCYHQUZTYSVDHW-UHFFFAOYSA-N
alln_574,Nc1nc(Cl)cc(Cl)n1,-0.76707,JPZOAVGMSDSWSW-UHFFFAOYSA-N
alln_575,N[C@@H]1N=C(c2ccccc2)NS1,-0.80857,not_found
alln_576,Nc1ccn(c2ccccc2)n1,-0.79974,BQQFSUKXGGGGLV-UHFFFAOYSA-N
alln_578,Nc1ccc(F)c(F)c1,-0.78959,AXNUZKSSQHTNPZ-UHFFFAOYSA-N
alln_579,CC1(C)OB(c2ccnc(N)c2)OC1(C)C,-0.79233,DCYKWKYBNWRLLZ-UHFFFAOYSA-N
alln_58,Cc1cccc(N)c1,-0.79209,JJYPMNFTHPTTDI-UHFFFAOYSA-N
alln_580,Nc1nc2ccccc2s1,-0.79482,UHGULLIUJBCTEF-UHFFFAOYSA-N
alln_581,Cc1ccccc1NC(=S)N,-0.79694,ACLZYRNSDLQOIA-UHFFFAOYSA-N
alln_582,Cc1ccnc(NC(=S)N)c1,-0.78245,ALLBLAKJCNRLLS-UHFFFAOYSA-N
alln_583,Cc1ccc(NC(=S)N)cc1,-0.79554,VXLFMCZPFIKKDZ-UHFFFAOYSA-N
alln_584,CC(=O)Nc1ccc(/C=N\NC(=S)N)cc1,-0.78147,not_found
alln_585,CCOc1ccc(NC(=S)N)cc1,-0.79622,QGLYTNIXHPCRCF-UHFFFAOYSA-N
alln_587,NC(=S)Nc1ccccc1N(=O)=O,-0.77751,FLGZBEKWHFRZNP-UHFFFAOYSA-N
alln_588,CN(C)c1ccc(NC(=S)N)cc1,-0.79858,IETJMRDFWVXWMR-UHFFFAOYSA-N
alln_589,COc1ccc(OC)c(NC(=S)N)c1,-0.79229,ZLGQKHQZDDTIFW-UHFFFAOYSA-N
alln_59,Cn1cc(N)ccc1=O,-0.79468,OQHLYZTVUZZSRR-UHFFFAOYSA-N
alln_590,NC(=S)Nc1ccc(F)cc1F,-0.78835,DZZSKQFBAGZNSH-UHFFFAOYSA-N
alln_591,Cc1ccc(NC(=O)NC(=S)N)cc1,-0.77045,OWUYSKYSNCZWAG-UHFFFAOYSA-N
alln_592,Cc1ccc(NC(=S)N)cc1C,-0.7959,SVVAZPFKTDKAAN-UHFFFAOYSA-N
alln_595,Cc1c(NC(=S)N)c(=O)n(c2ccccc2)n1C,-0.78647,NIXXJWATYYKOSW-UHFFFAOYSA-N
alln_596,CCOC(=O)Cc1csc(NC(=S)N)n1,-0.78135,URONEHYOXSPUDU-UHFFFAOYSA-N
alln_6,N#Cc1cccnc1N,-0.77377,YYXDQRRDNPRJFL-UHFFFAOYSA-N
alln_60,COc1nn(C)cc1N,-0.80335,BRXSXFLSHMQQJY-UHFFFAOYSA-N
alln_61,CCOC(=O)c1ncsc1N,-0.78319,AZDIMLOSMFZQLP-UHFFFAOYSA-N
alln_63,Cc1nc(N)[nH]c(=O)c1C,-0.79205,APWRLAZEMYLHKZ-UHFFFAOYSA-N
alln_64,Cc1cc(N)cc(=O)n1C,-0.77848,OTJSKSZNESTQBA-UHFFFAOYSA-N
alln_65,CC(=O)c1cnc(N)nc1C,-0.7667,LWZQQJIAMSDELT-UHFFFAOYSA-N
alln_66,Nc1ccnc(Cl)n1,-0.77051,LPBDZVNGCNTELM-UHFFFAOYSA-N
alln_67,COC(=O)c1ccsc1N,-0.78452,DGGJQLCAYQCPDD-UHFFFAOYSA-N
alln_68,Cc1ccc(N)nc1,-0.79333,CMBSSVKZOPZBKW-UHFFFAOYSA-N
alln_69,Nc1cccc(Cl)n1,-0.78391,OBYJTLDIQBWBHM-UHFFFAOYSA-N
alln_7,Cc1cccc(N)c1C,-0.80001,VVAKEQGKZNKUSU-UHFFFAOYSA-N
alln_70,CCOC(=O)c1c(C)n[nH]c1N,-0.7986,WOCMIZZYXHVSPS-UHFFFAOYSA-N
alln_71,Nc1nnc(S)s1,-0.79732,GDGIVSREGUOIJZ-UHFFFAOYSA-N
alln_72,CCOc1ccccc1N,-0.79478,ULHFFAFDSSHFDA-UHFFFAOYSA-N
alln_73,Cc1nnc(N)s1,-0.7976,HMPUHXCGUHDVBI-UHFFFAOYSA-N
alln_74,Nc1cc(Cl)ccn1,-0.7854,RQMWVVBHJMUJNZ-UHFFFAOYSA-N
alln_75,Cc1cc(N)n[nH]1,-0.80449,FYTLHYRDGXRYEY-UHFFFAOYSA-N
alln_76,N[C@@H]1N=C(Cl)Nc2[nH]cnc12,-0.80109,not_found
alln_78,Nc1cncc(Cl)n1,-0.78019,JTPXVCKCLBROOJ-UHFFFAOYSA-N
alln_79,Nc1ccc(Cl)nn1,-0.78455,DTXVKPOKPFWSFF-UHFFFAOYSA-N
alln_8,Cc1ccc(N)c(C)c1,-0.80017,CZZZABOKJQXEBO-UHFFFAOYSA-N
alln_80,COC(=O)c1ncsc1N,-0.78273,OTNJGCAOEGZZMM-UHFFFAOYSA-N
alln_81,Nc1cc(Cl)ncn1,-0.77235,DUKKRSPKJMHASP-UHFFFAOYSA-N
alln_82,CCOC(=O)c1cnc(N)[nH]c1=O,-0.77681,HRRHGLKNOJHIGY-UHFFFAOYSA-N
alln_83,CC(C)S(=O)(=O)c1ccccc1N,-0.79352,GMLAMRMKROYXNZ-UHFFFAOYSA-N
alln_84,COC(=O)c1ccc(C)c(N)c1,-0.7965,YEPWCJHMSVABPQ-UHFFFAOYSA-N
alln_85,CC(C)(C)OC(=O)N1CCc2[nH]nc(N)c2C1,-0.80646,AHGNLFYXPZBDMS-UHFFFAOYSA-N
alln_86,COC(=O)c1cnc(N)s1,-0.78697,UJNNCGWBDJHCEM-UHFFFAOYSA-N
alln_88,COc1cc2ncnc(N)c2cc1OC,-0.77515,MGHPNHISKDKRJW-UHFFFAOYSA-N
alln_89,COc1ccc(OCc2nnc(N)s2)cc1,-0.79455,BVYNFLPAMUDFSH-UHFFFAOYSA-N
alln_9,CCc1ccccc1N,-0.79956,MLPVBIWIRCKMJV-UHFFFAOYSA-N
alln_91,COC(=O)c1ccc(N)cc1,-0.78256,LZXXNPOYQCLXRS-UHFFFAOYSA-N
alln_92,Cn1ncc2[C@@H](N)N=C(Cl)Nc12,-0.80624,not_found
alln_93,COc1ccc(C)cc1N,-0.79437,WXWCDTXEKCVRRO-UHFFFAOYSA-N
alln_94,COc1cnc(Cl)nc1N,-0.77213,ORUMXWAUZBTDLW-UHFFFAOYSA-N
alln_95,COc1ccc(N)c(OC)c1,-0.79861,GEQNZVKIDIPGCO-UHFFFAOYSA-N
alln_96,COC(=O)c1cnc(N)nc1C,-0.76781,TXAIGQFUQLUQJJ-UHFFFAOYSA-N
alln_98,N#Cc1cccc(N)c1,-0.78532,NJXPYZHXZZCTNI-UHFFFAOYSA-N
alln_99,CCOC(=O)c1sc(N)nc1C,-0.78609,WZHUPCREDVWLKC-UHFFFAOYSA-N